queue_number,project_number,project_name,fuel_1,fuel_2,fuel_3,mw_1,mw_2,mw_3,net_mw,county,state,study_area,pto,poi,voltage_kv,requested_cod,queue_date,application_date,withdrawal_date,service_type,status,days_queue_to_withdrawal,days_app_to_withdrawal,technology,is_withdrawn,is_active
2207,54516,Alisa Solar Energy Complex 2,Photovoltaic/Solar,Storage/Battery,,500.0,500.0,,1000.0,Yuma,AZ,SAN DIEGO,SDGE,NORTH GILA - HOODOO WASH (SDGE Portion Only),525,2030-06-01,,2024-11-18,,Energy Only Requested,active,,,other,0,1
2328,54934,Amanece,Photovoltaic/Solar,Storage/Battery,,418.992798,416.545013,,835.5378109999999,Stanislaus,CA,PG&E FRESNO,PGAE,QUINTO SW STA- FINK SW STA 230 kV,230,2029-07-31,,2024-11-21,,Full Capacity Deliverability Status Requested,active,,,other,0,1
2322,55045,Ambar Energy Storage,Storage/Battery,,,504.9,,,504.9,San Bernardino,CA,SCE METRO,SCE,LUGO 500 kV,500,2030-06-01,,2024-11-21,,Full Capacity Deliverability Status Requested,active,,,other,0,1
2244,54963,Annapurna,Storage/Battery,,,257.0,,,257.0,Merced County,CA,PG&E FRESNO,PGAE,QUINTO SW STA 230 kV,230,2028-06-01,,2024-11-20,,Full Capacity Deliverability Status Requested,active,,,other,0,1
2204,54897,Antlia,Storage/Battery,,,204.859,,,204.859,Monterey,CA,PG&E GBA,PGAE,MOSS LANDING PP 115 kV,115,2031-12-01,,2024-11-19,,Full Capacity Deliverability Status Requested,active,,,other,0,1
2212,54730,Argenta,Photovoltaic/Solar,,,155.76,,,155.76,San Bernardino,CA,SCE NOL,SCE,PISGAH 230 kV,230,2031-05-01,,2024-11-20,,Energy Only Requested,active,,,other,0,1
2219,54767,Argos Solar,Photovoltaic/Solar,,,352.0165,,,352.0165,San Bernadino,CA,SCE NOL,SCE,CALCITE 230 kV,230,2030-06-01,,2024-11-15,,Energy Only Requested,active,,,other,0,1
2349,54509,Aviation,Storage/Battery,Combustion Turbine/Hydrogen,,600.0,600.0,,1200.0,San Bernardino,CA,SCE METRO,SCE,LUGO 500 kV,500,2028-08-01,,2024-11-18,,Full Capacity Deliverability Status Requested,active,,,other,0,1
2305,54761,Bajada,Photovoltaic/Solar,,,352.9885,,,352.9885,Riverside,CA,SCE EASTERN,SCE,RED BLUFF 230 kV,230,2030-06-01,,2024-11-15,,Energy Only Requested,active,,,other,0,1
2333,55013,Belterra Energy Storage,Storage/Battery,,,514.08,,,514.08,Calaveras,CA,PG&E GBA,PGAE,BELLOTA 230 kV,230,2028-04-01,,2024-11-19,,Full Capacity Deliverability Status Requested,active,,,other,0,1
2298,54694,Blue Star,Photovoltaic/Solar,Storage/Battery,,306.352356,206.8022619,,513.1546179,Kings,CA,PG&E FRESNO,PGAE,DRY LAKE SW STA 500 kV ,500,2029-03-30,,2024-11-21,,Full Capacity Deliverability Status Requested,active,,,other,0,1
2248,54657,Bolt,Photovoltaic/Solar,Storage/Battery,,255.4,253.8,,509.20000000000005,Fresno,CA,PG&E FRESNO,LSPC,MANNING 500 kV,500,2031-05-01,,2024-11-21,,Full Capacity Deliverability Status Requested,active,,,other,0,1
2206,54655,Bonita Bateria,Storage/Battery,,,102.91,,,102.91,Orange,CA,SAN DIEGO,SDGE,TALEGA 138 kV,138,2029-05-31,,2024-11-19,,Full Capacity Deliverability Status Requested,active,,,other,0,1
2208,54656,Bonita Bateria 2,Storage/Battery,,,123.405,,,123.405,Orange,CA,SAN DIEGO,SDGE,MARGARITA 138 kV,138,2029-05-31,,2024-11-19,,Full Capacity Deliverability Status Requested,active,,,other,0,1
2265,54850,Box,Photovoltaic/Solar,,,63.44,,,63.44,Riverside,CA,SCE EASTERN,SCE,RED BLUFF 230 kV,230,2029-01-01,,2024-12-02,,Energy Only Requested,active,,,other,0,1
2257,54523,Bristlecone,Photovoltaic/Solar,Storage/Battery,,460.95,460.14,,921.0899999999999,Nye,NV,SCE EOP,GLW,VALLEY SWITCH 230 kV,230,2030-06-01,,2024-11-05,,Energy Only Requested,active,,,other,0,1
2308,54518,Broadview,Photovoltaic/Solar,Storage/Battery,,816.4,491.8,,1308.2,Fresno,CA,PG&E FRESNO,WAPA,LOS BANOS-GATES #3,500,2028-09-01,,2024-11-21,,Full Capacity Deliverability Status Requested,active,,,other,0,1
2336,54696,Brown Bear,Storage/Battery,Photovoltaic/Solar,,74.202262,303.785,,377.98726200000004,Kings,CA,PG&E FRESNO,PGAE,DRY LAKE SW STA 500 kV ,500,2029-03-30,,2024-11-21,,Full Capacity Deliverability Status Requested,active,,,other,0,1
2359,54697,Brundage Energy Storage,Storage/Battery,,,202.2668,,,202.2668,Los Angeles,CA,SCE NORTHERN,SCE,ANTELOPE 230 kV,230,2029-06-01,,2024-11-20,,Full Capacity Deliverability Status Requested,active,,,other,0,1
2353,54724,Cabrera Reliability,Storage/Battery,,,205.403,,,205.403,San Bernardino,CA,SCE METRO,SCE,LUGO 500 kV,500,2028-09-15,,2024-11-14,,Full Capacity Deliverability Status Requested,active,,,other,0,1
2280,54771,Cantus,Storage/Battery,Photovoltaic/Solar,,249.524,249.524,,499.048,Merced,CA,PG&E FRESNO,PGAE,FINK SW STA 230 kV,230,2031-03-14,,2024-11-20,,Full Capacity Deliverability Status Requested,active,,,other,0,1
2370,54809,Carissalito Creek,Storage/Battery,Photovoltaic/Solar,,415.86,415.86,,831.72,Merced,CA,PG&E FRESNO,PGAE,LOS BANOS 500 kV,500,2030-12-31,,2024-11-21,,Full Capacity Deliverability Status Requested,active,,,other,0,1
2261,54721,Cassia,Storage/Battery,,,102.15,,,102.15,San Joaquin,CA,PG&E GBA,PGAE,LAMMERS 115 kV,115,2031-03-31,,2024-11-22,,Full Capacity Deliverability Status Requested,active,,,other,0,1
2306,55012,Chronos Energy Storage,Storage/Compressed Air,,,516.8,,,516.8,San Bernardino,CA,SCE METRO,SCE,LUGO 500 kV,500,2031-11-30,,2024-12-02,,Full Capacity Deliverability Status Requested,active,,,other,0,1
2277,54640,Circinus,Storage/Battery,Photovoltaic/Solar,,185.643,185.643,,371.286,Merced,CA,PG&E FRESNO,PGAE,LE GRAND 115 kV,115,2031-12-01,,2024-11-20,,Energy Only Requested,active,,,other,0,1
2339,54511,Comstock,Storage/Battery,Combustion Turbine/Hydrogen,,199.0,199.0,,398.0,San Bernardino,CA,SCE METRO,SCE,LUGO 500 kV,500,2028-08-01,,2024-11-19,,Full Capacity Deliverability Status Requested,active,,,other,0,1
2227,54896,Conduit Energy Storage 2,Storage/Battery,,,199.0,,,199.0,San Bernardino,CA,SCE METRO,SCE,LUGO 500 kV,500,2031-02-26,,2024-11-15,,Full Capacity Deliverability Status Requested,active,,,other,0,1
2226,54667,Container,Photovoltaic/Solar,,,204.57,,,204.57,Nye,NV,SCE EOP,GLW,VALLEY SWITCH 230 kV,230,2031-06-01,,2024-11-18,,Energy Only Requested,active,,,other,0,1
2344,54593,Cowboy,Photovoltaic/Solar,Storage/Battery,,156.4,155.3,,311.70000000000005,Colusa,CA,PG&E NGBA,PGAE,DELEVAN-CORTINA,230,2030-06-30,,2024-11-27,,Energy Only Requested,active,,,other,0,1
2350,55001,Crusade,Storage/Battery,,,1029.0,,,1029.0,Orange,CA,SCE METRO,SCE,VIEJO 230 kV,230,2028-12-31,,2024-12-02,,Full Capacity Deliverability Status Requested,active,,,other,0,1
2210,54939,Domestic Chicken,Photovoltaic/Solar,,,559.4,,,559.4,Maricopa,AZ,SAN DIEGO,SDGE,HASSAYAMPA 500 kV,500,2029-12-03,,2024-11-20,,Energy Only Requested,active,,,other,0,1
2286,54774,Dove Cove,Storage/Battery,,,514.368,,,514.368,San Joaquin,CA,PG&E GBA,PGAE,TESLA 500 kV,500,2031-03-14,,2024-11-20,,Full Capacity Deliverability Status Requested,active,,,other,0,1
2304,54914,Droga,Storage/Battery,,,101.93,,,101.93,Merced County,CA,PG&E FRESNO,PGAE,QUINTO SW STA 230 kV,230,2028-06-01,,2024-11-20,,Full Capacity Deliverability Status Requested,active,,,other,0,1
2351,54526,Duran,Storage/Battery,Combustion Turbine/Hydrogen,,300.0,300.0,,600.0,San Bernardino,CA,SCE METRO,SCE,LUGO 500 kV,500,2028-08-01,,2024-11-19,,Full Capacity Deliverability Status Requested,active,,,other,0,1
2342,54960,East Wonder,Photovoltaic/Solar,Storage/Battery,,366.909332,188.82,,555.729332,Kern,CA,PG&E FRESNO,PGAE,DRY LAKE SW STA 500 kV ,500,2029-07-31,,2024-11-21,,Full Capacity Deliverability Status Requested,active,,,other,0,1
2221,54840,Emerita Energy Storage,Storage/Battery,,,205.7,,,205.7,Alameda,CA,PG&E GBA,PGAE,TESLA 230 kV,230,2028-03-01,,2024-12-01,,Full Capacity Deliverability Status Requested,active,,,other,0,1
2224,54674,Energia Sierra Juarez 4,Wind Turbine/Wind,,,309.1,,,309.1,"Tijuana, Mexico",CA,SAN DIEGO,SDGE,EAST COUNTY 230 kV,230,2030-03-31,,2024-11-27,,Energy Only Requested,active,,,other,0,1
2216,54862,Fika,Storage/Battery,,,258.47,,,258.47,Merced,CA,PG&E FRESNO,PGAE,QUINTO SW STA 230 kV,230,2029-06-30,,2024-11-21,,Full Capacity Deliverability Status Requested,active,,,other,0,1
2323,54719,Fontus,Storage/Battery,,,513.99,,,513.99,San Bernardino,CA,SCE METRO,SCE,RANCHO VISTA 230 kV,230,2031-03-31,,2024-11-22,,Full Capacity Deliverability Status Requested,active,,,other,0,1
2209,54643,Fornax,Storage/Battery,Photovoltaic/Solar,,103.125,103.125,,206.25,Fresno,CA,PG&E FRESNO,PGAE,TRANQUILLITY SW STA 230 kV,230,2031-12-01,,2024-11-20,,Energy Only Requested,active,,,other,0,1
2297,54693,Galadriel,Storage/Battery,,,317.5,,,317.5,Madera,CA,PG&E GBA,PGAE,TESLA 230 kV,230,2031-03-31,,2024-11-22,,Full Capacity Deliverability Status Requested,active,,,other,0,1
2325,54577,Galicia Storage,Storage/Battery,,,505.6459,,,505.6459,San Bernardino,CA,SCE METRO,SCE,LUGO 500 kV,500,2028-10-01,,2024-11-12,,Full Capacity Deliverability Status Requested,active,,,other,0,1
2300,54629,GAMAY,Photovoltaic/Solar,Storage/Battery,,200.0,200.0,,400.0,KERN,CA,PG&E KERN,PGAE,ARCO-MIDWAY,230,2031-12-31,,2024-11-26,,Energy Only Requested,active,,,other,0,1
2223,54916,Geras,Photovoltaic/Solar,Storage/Battery,,133.82,133.76,,267.58,Stanislaus County,CA,PG&E FRESNO,PGAE,FINK SW STA 230 kV,230,2028-06-01,,2024-11-20,,Full Capacity Deliverability Status Requested,active,,,other,0,1
2273,54768,Goldlink,Photovoltaic/Solar,,,353.8145,,,353.8145,Nye,NV,SCE EOP,GLW,LATHROP 230 kV (FUTURE),230,2030-06-01,,2024-11-15,,Energy Only Requested,active,,,other,0,1
2313,54702,Gosford Solar Storage,Photovoltaic/Solar,,,304.630524,,,304.630524,Kern,CA,PG&E KERN,PGAE,BITTERWATER SW STA 230 kV ,230,2029-03-30,,2024-11-21,,Energy Only Requested,active,,,other,0,1
2238,54945,Grapevine 1,Photovoltaic/Solar,,,204.58,,,204.58,Nye,NV,SCE EOP,GLW,VALLEY SWITCH 230 kV,230,2031-06-01,,2024-11-18,,Energy Only Requested,active,,,other,0,1
2368,54832,Green Palms,Photovoltaic/Solar,,,306.7,,,306.7,Riverside,CA,SCE EASTERN,SCE,COLORADO RIVER 230 kV,230,2030-12-31,,2024-11-15,,Energy Only Requested,active,,,other,0,1
2220,54740,Hacienda,Photovoltaic/Solar,,,156.525,,,156.525,San Bernardino,CA,SCE NOL,SCE,PISGAH 230 kV,230,2030-12-01,,2024-11-20,,Energy Only Requested,active,,,other,0,1
2262,54725,Helios Grid Reliability,Storage/Battery,,,205.4504,,,205.4504,Calaveras,CA,PG&E GBA,PGAE,LOCKEFORD 115 kV,115,2028-09-15,,2024-11-14,,Full Capacity Deliverability Status Requested,active,,,other,0,1
2327,54703,Hillside Energy Storage,Storage/Battery,,,1064.748473,,,1064.748473,Los Angeles,CA,SCE NORTHERN,SCE,VINCENT 230 kV,230,2029-06-01,,2024-11-21,,Full Capacity Deliverability Status Requested,active,,,other,0,1
2282,54839,Holly Oaks,Storage/Battery,,,128.4,,,128.4,Calaveras,CA,PG&E GBA,PGAE,VALLEY SPRINGS 230 kV,230,2028-03-01,,2024-12-01,,Full Capacity Deliverability Status Requested,active,,,other,0,1
2263,54785,Jackrabbit Power Bank,Storage/Battery,,,307.62,,,307.62,Santa Clara,CA,PG&E GBA,PGAE,LOS ESTEROS 115 kV,115,2029-06-01,,2024-11-20,,Full Capacity Deliverability Status Requested,active,,,other,0,1
2294,55004,Lagoonez,Storage/Battery,,,1029.0,,,1029.0,Los Angeles,CA,SCE METRO,SCE,LAGUNA BELL 230 kV,230,2028-12-31,,2024-12-02,,Full Capacity Deliverability Status Requested,active,,,other,0,1
2275,54938,Little Hill,Storage/Battery,,,63.14,,,63.14,San Bernardino,CA,SCE METRO,SCE,MIRA LOMA 230 kV,230,2031-04-01,,2024-11-21,,Full Capacity Deliverability Status Requested,active,,,other,0,1
2320,54686,Lupine Energy Center,Storage/Battery,,,518.0683,,,518.0683,San Bernardino,CA,SCE METRO,SCE,LUGO 500 kV,500,2030-12-26,,2024-12-02,,Full Capacity Deliverability Status Requested,active,,,other,0,1
2288,54567,Lycan Solar 2,Photovoltaic/Solar,,,192.2176,,,192.2176,Riverside,CA,SCE EASTERN,SCE,RED BLUFF 500 kV,500,2028-10-01,,2024-11-21,,Energy Only Requested,active,,,other,0,1
2356,54689,Maestro,Photovoltaic/Solar,Storage/Battery,,304.68,304.03,,608.71,Fresno,CA,PG&E FRESNO,PGAE,HARLAN SW STA 500 kV ,500,2029-12-01,,2024-12-02,,Full Capacity Deliverability Status Requested,active,,,other,0,1
2360,54624,Maravillosa 1,Photovoltaic/Solar,Storage/Battery,,204.023804,202.615998,,406.63980200000003,Kings,CA,PG&E FRESNO,PGAE,DRY LAKE SW STA 500 kV ,500,2029-06-30,,2024-11-27,,Full Capacity Deliverability Status Requested,active,,,other,0,1
2361,54625,Maravillosa 2,Photovoltaic/Solar,Storage/Battery,,407.2330048,404.6370076,,811.8700124,Kern,CA,PG&E FRESNO,PGAE,DRY LAKE SW STA 500 kV ,500,2029-06-30,,2024-11-27,,Full Capacity Deliverability Status Requested,active,,,other,0,1
2366,55027,MATTERHORN,Wind Turbine/Wind,Storage/Battery,Photovoltaic/Solar,406.8,406.098,404.892,812.898,RIVERSIDE,CA,SCE EASTERN,SCE,DEVERS 500 kV,500,2029-12-15,,2024-11-21,,Energy Only Requested,active,,,other,0,1
2279,54952,Mesquite Solar 6,Storage/Battery,Photovoltaic/Solar,,154.5,154.48,,308.98,Maricopa,AZ,SAN DIEGO,SDGE,HASSAYAMPA 500 kV,500,2028-04-30,,2024-11-25,,Energy Only Requested,active,,,other,0,1
2362,54704,MidBishop,Storage/Battery,Photovoltaic/Solar,,74.2022619,307.779007,,381.9812689,Kings,CA,PG&E FRESNO,PGAE,DRY LAKE SW STA 500 kV ,500,2029-03-30,,2024-11-21,,Full Capacity Deliverability Status Requested,active,,,other,0,1
2246,54762,Moonraker,Storage/Battery,,,352.7437,,,352.7437,Kern,CA,SCE NORTHERN,SCE,WHIRLWIND 230 kV,230,2029-12-01,,2024-11-15,,Full Capacity Deliverability Status Requested,active,,,other,0,1
2318,54861,Mt Baldy Energy Storage 2,Storage/Battery,,,204.93,,,204.93,San Bernardino County,CA,SCE METRO,SCE,MIRA LOMA 230 kV,230,2031-06-01,,2024-11-15,,Full Capacity Deliverability Status Requested,active,,,other,0,1
2266,54634,Muon,Photovoltaic/Solar,Storage/Battery,,1169.504,1169.504,,2339.008,Fresno County,CA,PG&E KERN,PGAE,HARLAN SW STA 500 kV ,500,2028-09-30,,2024-11-19,,Full Capacity Deliverability Status Requested,active,,,other,0,1
2312,55025,Musketeers,Photovoltaic/Solar,Storage/Battery,,524.483704,522.019348,,1046.503052,Tulare,CA,SCE NORTHERN,SCE,Magunden-Springville No.1 220 kV ,220,2029-07-31,,2024-11-26,,Energy Only Requested,active,,,other,0,1
2269,54733,Nelson,Photovoltaic/Solar,,,103.74,,,103.74,Nye,NV,SCE EOP,GLW,VALLEY SWITCH 230 kV,230,2031-06-01,,2024-11-18,,Energy Only Requested,active,,,other,0,1
2237,54671,Nelson Hills,Photovoltaic/Solar,,,204.57,,,204.57,Nye,NV,SCE EOP,GLW,VALLEY SWITCH 230 kV,230,2031-06-01,,2024-11-18,,Energy Only Requested,active,,,other,0,1
2214,54637,Octans,Storage/Battery,Photovoltaic/Solar,,103.226,103.226,,206.452,Fresno,CA,PG&E FRESNO,PGAE,ORO LOMA 70 kV,70,2031-12-01,,2024-11-20,,Energy Only Requested,active,,,other,0,1
2357,54675,Off Stream Water Storage,Hydro/Pumped-Storage Hydro,,,68.896962,,,68.896962,Colusa,CA,PG&E NGBA,PGAE,DELEVAN-CORTINA,230,2030-04-01,,2024-11-27,,Energy Only Requested,active,,,other,0,1
2239,54635,Pion,Storage/Battery,,,1167.705,,,1167.705,Fresno,CA,PG&E FRESNO,LSPC,MANNING 500 kV,500,2028-12-31,,2024-11-19,,Full Capacity Deliverability Status Requested,active,,,other,0,1
2343,54989,Quaking Aspen,Photovoltaic/Solar,Storage/Battery,,209.64296,107.902122,,317.545082,Kern,CA,PG&E FRESNO,PGAE,DRY LAKE SW STA 500 kV ,500,2029-07-31,,2024-11-21,,Full Capacity Deliverability Status Requested,active,,,other,0,1
2267,54636,Quark,Photovoltaic/Solar,Storage/Battery,,869.4,1175.3,,2044.6999999999998,Fresno,CA,PG&E KERN,PGAE,HARLAN SW STA 500 kV ,500,2028-09-30,,2024-11-19,,Full Capacity Deliverability Status Requested,active,,,other,0,1
2232,54672,Reflex,Photovoltaic/Solar,,,129.04,,,129.04,Riverside,CA,SCE EASTERN,SCE,RED BLUFF 230 kV,230,2029-01-01,,2024-12-02,,Energy Only Requested,active,,,other,0,1
2234,54684,Ripple,Photovoltaic/Solar,Storage/Battery,,945.9227,933.8717,,1879.7944,Kings and Fresno,CA,PG&E KERN,PGAE,DRY LAKE SW STA 500 kV ,500,2031-10-03,,2024-11-29,,Energy Only Requested,active,,,other,0,1
2341,54531,Rover,Storage/Battery,,,206.24,,,206.24,Los Angeles,CA,SCE NORTHERN,SCE,VINCENT 230 kV,230,2028-06-30,,2024-11-06,,Full Capacity Deliverability Status Requested,active,,,other,0,1
2302,54866,Saguaro Energy Storage,Storage/Battery,,,204.93,,,204.93,San Bernardino,CA,SCE METRO,SCE,CHINO 230 kV,230,2029-06-01,,2024-11-15,,Full Capacity Deliverability Status Requested,active,,,other,0,1
2332,54995,Separator Expansion,Storage/Battery,,,12.55,,,12.55,San Bernardino,CA,SCE EASTERN,SCE,ETIWANDA 230 kV,230,2025-06-06,,2024-11-15,,Merchant- Full Capacity Deliverability Status Requested,active,,,other,0,1
2215,54669,Serenity,Photovoltaic/Solar,,,305.41,,,305.41,Nye,NV,SCE EOP,GLW,VALLEY SWITCH 230 kV,230,2031-06-01,,2024-11-18,,Energy Only Requested,active,,,other,0,1
2293,54915,Shoals Energy Storage 2,Storage/Battery,,,461.13,,,461.13,Los Angeles County,CA,SCE NORTHERN,SCE,VINCENT 500 kV,500,2029-08-01,,2024-11-21,,Full Capacity Deliverability Status Requested,active,,,other,0,1
2249,54665,Shoestring,Photovoltaic/Solar,Storage/Battery,,135.17,134.36,,269.53,Fresno,CA,PG&E FRESNO,LSPC,MANNING 500 kV,500,2031-05-01,,2024-11-21,,Full Capacity Deliverability Status Requested,active,,,other,0,1
2268,54651,Sienna 3,Photovoltaic/Solar,Storage/Battery,,288.0,288.0,,576.0,San Bernardino,CA,SCE NOL,SCE,CALCITE 230 kV,230,2031-12-31,,2024-11-25,,Energy Only Requested,active,,,other,0,1
2311,55049,Soledad Solar,Photovoltaic/Solar,,,562.354996,,,562.354996,Kern,CA,SCE NORTHERN,SCE,WINDHUB 230 kV,230,2028-06-01,,2024-11-21,,Energy Only Requested,active,,,other,0,1
2252,54739,Solstice A,Photovoltaic/Solar,Storage/Battery,,556.0,554.6,,1110.6,Fresno,CA,PG&E FRESNO,LSPC,MANNING 500 kV,500,2031-05-01,,2024-11-21,,Full Capacity Deliverability Status Requested,active,,,other,0,1
2254,54847,Solstice B,Photovoltaic/Solar,Storage/Battery,,606.39,604.93,,1211.32,Fresno,CA,PG&E FRESNO,LSPC,MANNING 500 kV,500,2031-05-01,,2024-11-21,,Full Capacity Deliverability Status Requested,active,,,other,0,1
2253,54848,Solstice C,Photovoltaic/Solar,Storage/Battery,,204.53,203.63,,408.15999999999997,Fresno,CA,PG&E FRESNO,LSPC,MANNING 500 kV,500,2031-05-01,,2024-11-21,,Full Capacity Deliverability Status Requested,active,,,other,0,1
2251,54849,Solstice D,Photovoltaic/Solar,Storage/Solar,,204.41,203.63,,408.03999999999996,Fresno,CA,PG&E FRESNO,LSPC,MANNING 500 kV,500,2031-05-01,,2024-11-21,,Full Capacity Deliverability Status Requested,active,,,other,0,1
2250,54738,Stable,Photovoltaic/Solar,Storage/Battery,,376.81,373.11,,749.9200000000001,Fresno,CA,PG&E FRESNO,LSPC,MANNING 500 kV,500,2031-05-01,,2024-11-21,,Full Capacity Deliverability Status Requested,active,,,other,0,1
2331,54882,Stanley,Photovoltaic/Solar,Storage/Battery,,1038.9,1032.1121,,2071.0121,Maricopa,AZ,SCE EASTERN,DCRT,CIELO AZUL 500 kV,500,2030-04-30,,2024-11-21,,Energy Only Requested,active,,,other,0,1
2236,54908,Summit Valley Energy Storage,Storage/Battery,,,518.6815,,,518.6815,San Bernadino,CA,SCE METRO,SCE,LUGO 500 kV,500,2032-06-01,,2024-11-18,,Full Capacity Deliverability Status Requested,active,,,other,0,1
2240,54903,Sunflower,Photovoltaic/Solar,Storage/Battery,,715.1,715.1,,1430.2,San Bernardino County,CA,SCE NOL,SCE,LUGO-PISGAH NO.2,230,2031-03-01,,2024-11-23,,Energy Only Requested,active,,,other,0,1
2260,54905,Sunglow,Photovoltaic/Solar,Storage/Battery,,372.165,372.165,,744.33,Kings County,CA,PG&E FRESNO,LSPC,MANNING 500 kV,500,2030-10-01,,2024-11-22,,Full Capacity Deliverability Status Requested,active,,,other,0,1
2319,54902,Sunvine,Photovoltaic/Solar,Storage/Battery,,613.7,0.0,,613.7,Kern County,CA,SCE NORTHERN,SCE,MAGUNDEN-PASTORIA NO.3,230,2031-03-01,,2024-11-22,,Energy Only Requested,active,,,other,0,1
2285,54666,Tea Leaf Energy Storage,Storage/Battery,,,404.31,,,404.31,Alameda,CA,PG&E GBA,PGAE,TESLA 230 kV,230,2030-06-01,,2024-11-19,,Full Capacity Deliverability Status Requested,active,,,other,0,1
2258,54827,Telluride,Photovoltaic/Solar,Storage/Battery,,102.7,102.7,,205.4,Fresno,CA,PG&E FRESNO,PGAE,ORO LOMA 115 kV,115,2030-10-30,,2024-11-15,,Energy Only Requested,active,,,other,0,1
2301,54652,TENDRIL,Photovoltaic/Solar,Storage/Battery,,100.0,100.0,,200.0,Kern,CA,PG&E KERN,PGAE,ARCO-MIDWAY,230,2031-12-31,,2024-11-26,,Energy Only Requested,active,,,other,0,1
2231,54879,Tioga Pass,Storage/Battery,,,103.0000006,,,103.0000006,San Joaquin,CA,PG&E GBA,PGAE,LOCKEFORD 115 kV,115,2028-01-31,,2024-12-02,,Full Capacity Deliverability Status Requested,active,,,other,0,1
2272,54638,Toland Renewable Energy Park,Wind Turbine/Wind,,,108.0,,,108.0,Solano,CA,PG&E NGBA,PGAE,BIRDS LANDING SW STA 230 kV,230,2029-05-30,,2024-11-06,,Full Capacity Deliverability Status Requested,active,,,other,0,1
2329,54707,Torbino Solar,Photovoltaic/Solar,,,507.0,,,507.0,Kern,CA,SCE NORTHERN,SCE,WINDHUB 500 kV,500,2029-03-30,,2024-11-26,,Energy Only Requested,active,,,other,0,1
2317,54943,Twinkle,Storage/Battery,,,303.95,,,303.95,San Bernardino,CA,SCE METRO,SCE,MIRA LOMA 230 kV,230,2031-04-01,,2024-11-21,,Full Capacity Deliverability Status Requested,active,,,other,0,1
2340,54859,Ulua,Storage/Battery,,,104.97,,,104.97,Los Angeles,CA,SCE METRO,SCE,EAGLE ROCK 230 kV,230,2029-06-30,,2024-11-21,,Full Capacity Deliverability Status Requested,active,,,other,0,1
2321,55041,Voyager Energy Storage,Storage/Battery,,,105.4,,,105.4,Kern,CA,SCE NORTHERN,SCE,WHIRLWIND 230 kV,230,2027-06-01,,2024-11-21,,Full Capacity Deliverability Status Requested,active,,,other,0,1
2259,54802,Whiskey Diggings,Photovoltaic/Solar,,,414.4,,,414.4,Sutter,CA,PG&E NGBA,PGAE,RIO OSO 230 kV,230,2030-12-31,,2024-12-02,,Energy Only Requested,active,,,other,0,1
2352,55002,Yacht Rock,Storage/Battery,,,514.41,,,514.41,San Bernardino,CA,SCE METRO,SCE,CHINO 230 kV,230,2028-12-31,,2024-12-01,,Full Capacity Deliverability Status Requested,active,,,other,0,1
2247,54778,Zama,Storage/Battery,,,352.7437,,,352.7437,Kern,CA,SCE NORTHERN,SCE,WHIRLWIND 230 kV,230,2029-12-01,,2024-11-15,,Full Capacity Deliverability Status Requested,active,,,other,0,1
2264,54682,Zeitgeist K Energy Center,Storage/Battery,,,258.2079,,,258.2079,San Joaquin,CA,PG&E GBA,PGAE,KASSON 115 kV,115,2030-12-26,,2024-11-28,,Full Capacity Deliverability Status Requested,active,,,other,0,1
2235,54841,Zinfandel Storage Center,Storage/Battery,,,153.69,,,153.69,San Joaquin,CA,PG&E GBA,PGAE,BELLOTA-RIVERBANK,115,2030-02-15,,2024-11-29,,Full Capacity Deliverability Status Requested,active,,,other,0,1
2229,54899,Clay Flats,Storage/Battery,,,437.08,,,437.08,king,CA,PG&E FRESNO,LSPC,MANNING 500 kV,500,2030-10-01,2025-02-12,,2025-04-23,Energy Only Requested,withdrawn,70.0,,other,1,0
2202,55018,Gibson,Storage/Battery,,,154.598,,,154.598,Merced,CA,PG&E FRESNO,PGAE,MERCY SPRINGS SW STA 70 kV,70,2028-04-14,2025-02-12,,2025-04-24,Energy Only Requested,withdrawn,71.0,,other,1,0
2283,54729,Amargosa SEZ,Photovoltaic/Solar,Storage/Battery,,510.35,508.19,,1018.54,Nye,NV,SCE EOP,GLW,BEATTY 230 kV,230,2030-12-01,2025-02-12,,2025-04-25,Merchant- Full Capacity Deliverability Status Requested,withdrawn,72.0,,other,1,0
2228,54946,Grapevine 2,Storage/Battery,,,505.1,,,505.1,Clark,NV,SCE EOP,SCE,ELDORADO 230 kV,230,2028-06-01,2025-02-12,,2025-04-25,Merchant- Full Capacity Deliverability Status Requested,withdrawn,72.0,,other,1,0
2290,54668,Ashton Energy Center,Photovoltaic/Solar,Storage/Battery,,1026.67,1022.47,,2049.1400000000003,Nye,NV,SCE EOP,GLW,VALLEY SWITCH 230 kV,230,2032-12-01,2025-02-12,,2025-04-25,Merchant- Full Capacity Deliverability Status Requested,withdrawn,72.0,,other,1,0
2299,54873,Saltgrass,Storage/Battery,Storage/Battery,,4.9995,166.1045,,171.104,Stanislaus,CA,PG&E GBA,PGAE,SALADO 115 kV,115,2028-06-01,2025-02-12,,2025-04-28,Full Capacity Deliverability Status Requested,withdrawn,75.0,,other,1,0
2245,54870,Reed Meadow,Storage/Battery,,,565.769988,,,565.769988,Clark,NV,SCE EOP,GLW,SLOAN CANYON 230 kV,230,2031-12-01,2025-02-12,,2025-04-28,Merchant- Full Capacity Deliverability Status Requested,withdrawn,75.0,,other,1,0
2211,54777,Campito Peak,Storage/Battery,,,565.769988,,,565.769988,Inyo,CA,SCE EOP,GLW,TROUT CANYON 230 kV,230,2031-12-01,2025-02-12,,2025-04-28,Merchant- Full Capacity Deliverability Status Requested,withdrawn,75.0,,other,1,0
2291,54765,Onyx,Photovoltaic/Solar,Storage/Battery,,353.1114,352.9139,,706.0253,Clark,NV,SCE EOP,GLW,DESERT VIEW-INNOVATION,230,2030-12-02,2025-02-12,,2025-04-29,Merchant- Full Capacity Deliverability Status Requested,withdrawn,76.0,,other,1,0
2241,54764,Hiko,Storage/Battery,,,359.798,,,359.798,Clark,NV,SCE EOP,SCE,MOHAVE 500 kV,500,2031-12-02,2025-02-12,,2025-04-29,Merchant- Full Capacity Deliverability Status Requested,withdrawn,76.0,,other,1,0
2309,54763,Cathedral,Photovoltaic/Solar,Storage/Battery,,361.1393,360.3123,,721.4516,Nye,NV,SCE EOP,GLW,TROUT CANYON 500 kV,500,2031-12-02,2025-02-12,,2025-04-29,Merchant- Full Capacity Deliverability Status Requested,withdrawn,76.0,,other,1,0
2270,54580,Chance Solar,Photovoltaic/Solar,Storage/Battery,,895.7719,894.2191,,1789.991,Nye,NV,SCE EOP,GLW,BEATTY 230 kV,230,2028-10-01,2025-02-12,,2025-05-01,Energy Only Requested,withdrawn,78.0,,other,1,0
2242,54571,Borderline Solar,Photovoltaic/Solar,Storage/Battery,,638.1349,629.5905,,1267.7254,Inyo,CA,SCE EOP,GLW,TROUT CANYON 230 kV,230,2028-10-01,2025-02-12,,2025-05-01,Energy Only Requested,withdrawn,78.0,,other,1,0
2326,55047,Aridpeak Storage,Storage/Battery,,,259.36,,,259.36,Kern,CA,PG&E KERN,PGAE,CALIENTE SW STA-MIDWAY #1,230,2030-02-01,2025-02-12,,2025-05-02,Energy Only Requested,withdrawn,79.0,,other,1,0
2334,54507,Esteli Energy Storage,Storage/Battery,,,350.0,,,350.0,Los Angeles,CA,SCE METRO,SCE,OLINDA 230 kV,230,2028-05-26,2025-02-12,,2025-05-11,Full Capacity Deliverability Status Requested,withdrawn,88.0,,other,1,0
2316,54863,Birdrock,Storage/Battery,,,104.96,,,104.96,Los Angeles County,CA,SCE METRO,SCE,Mesa 230KV,230,2029-06-30,2025-02-12,,2025-05-15,Full Capacity Deliverability Status Requested,withdrawn,92.0,,other,1,0
2222,54584,Peach Storage,Storage/Battery,,,103.68,,,103.68,Stanislaus,CA,PG&E GBA,PGAE,PIERCY 115 kV,115,2031-11-01,2025-02-12,,2025-05-20,Full Capacity Deliverability Status Requested,withdrawn,97.0,,other,1,0
2284,54528,POTENTIA-VIRIDI 2,Storage/Battery,,,405.28949,,,405.28949,San Joaquin,CA,PG&E GBA,PGAE,TESLA 500 kV,500,2028-12-15,2025-02-12,,2025-05-20,Full Capacity Deliverability Status Requested,withdrawn,97.0,,other,1,0
2292,54626,BlueWater Solar,Photovoltaic/Solar,Storage/Battery,,1016.4,1014.4,,2030.8,La Paz,AZ,SCE EASTERN,DCRT,Cielo Azul,500,2028-12-29,2025-02-12,,2025-05-27,Energy Only Requested,withdrawn,104.0,,other,1,0
2271,54676,White Oak Solar,Photovoltaic/Solar,Storage/Battery,,407.0,406.2,,813.2,Nye,NV,SCE EOP,GLW,VALLEY SWITCH 230 kV,230,2029-12-31,2025-02-12,,2025-05-27,Energy Only Requested,withdrawn,104.0,,other,1,0
2371,54627,Connor,Storage/Battery,,,514.8781,,,514.8781,Los Angeles,CA,SCE NORTHERN,SCE,VINCENT 500 kV,500,2030-04-30,2025-02-12,,2025-05-27,Full Capacity Deliverability Status Requested,withdrawn,104.0,,other,1,0
2218,54586,Leopard Storage,Storage/Battery,,,458.703,,,458.703,Merced,CA,PG&E FRESNO,PGAE,LOS BANOS 500 kV,500,2031-11-01,2025-02-12,,2025-05-29,Full Capacity Deliverability Status Requested,withdrawn,106.0,,other,1,0
2324,54930,Goldspur,Storage/Battery,,,506.95128,,,506.95128,San Bernardino,CA,SCE METRO,SCE,LUGO 500 kV,500,2028-12-31,2025-02-12,,2025-05-30,Full Capacity Deliverability Status Requested,withdrawn,107.0,,other,1,0
2296,54737,Sing,Storage/Battery,,,405.48,,,405.48,San Diego,CA,SCE METRO,HWT,NORTH OF SONGS 500 kV,500,2030-12-01,2025-02-12,,2025-05-30,Full Capacity Deliverability Status Requested,withdrawn,107.0,,other,1,0
2274,54664,Vantage,Storage/Battery,,,306.59,,,306.59,San Diego County,CA,SCE METRO,SCE,SAN ONOFRE 230 kV,230,2030-12-01,2025-02-12,,2025-05-30,Full Capacity Deliverability Status Requested,withdrawn,107.0,,other,1,0
2338,55053,Raspberry Solar 1,Photovoltaic/Solar,,,15.57,,,15.57,Contra Costa,CA,PG&E GBA,PGAE,SOBRANTE-STANDARD OIL SW STA #1,115,2027-07-01,2025-02-12,,2025-11-12,Energy Only Requested,withdrawn,273.0,,other,1,0
2203,55044,Pinecone,Storage/Battery,,,514.599,,,514.599,Yuma,AZ,SAN DIEGO,SDGE,Hassayampa-Hoodoo Wash,500,2028-04-14,2025-02-12,,2025-11-13,Energy Only Requested,withdrawn,274.0,,other,1,0
2314,54769,Fritts,Photovoltaic/Solar,Storage/Battery,,258.686264,258.193909,,516.880173,Fresno,CA,PG&E KERN,PGAE,GATES 500 kV ,500,2029-09-30,2025-02-12,,2025-11-18,Full Capacity Deliverability Status Requested,withdrawn,279.0,,other,1,0
2335,54770,Superba,Photovoltaic/Solar,Storage/Battery,,205.6961,205.4614,,411.1575,Fresno,CA,PG&E KERN,PGAE,GATES 500 kV ,500,2029-09-30,2025-02-12,,2025-11-18,Full Capacity Deliverability Status Requested,withdrawn,279.0,,other,1,0
2243,54710,Avenida Del Sul,Photovoltaic/Solar,,,151.294846,,,151.294846,Inyo,CA,SCE NOL,SCE,INYOKERN 115 kV,115,2029-03-30,2025-02-12,,2025-11-20,Energy Only Requested,withdrawn,281.0,,other,1,0
2355,54558,Nightcap,Storage/Battery,Combustion Turbine/Hydrogen,,564.5,557.4,,1121.9,Los Angeles,CA,SCE NORTHERN,SCE,VINCENT 500 kV,500,2028-08-01,2025-02-12,,2025-11-20,Full Capacity Deliverability Status Requested,withdrawn,281.0,,other,1,0
2354,55026,Buonissimo Energy,Storage/Battery,,,501.63,,,501.63,Kern,CA,PG&E KERN,PGAE,MIDWAY-WHIRLWIND,525,2029-07-30,2025-02-12,,2025-11-25,Full Capacity Deliverability Status Requested,withdrawn,286.0,,other,1,0
2205,54743,La Media,Storage/Battery,,,51.48,,,51.48,Orange,CA,SAN DIEGO,SDGE,SAN MATEO 138 kV,138,2029-05-31,2025-02-12,,2025-11-25,Full Capacity Deliverability Status Requested,withdrawn,286.0,,other,1,0
2281,54843,Chardonnay Storage Center,Storage/Battery,,,204.9,,,204.9,San Joaquin,CA,PG&E GBA,PGAE,GOLD HILL-EIGHT MILE ROAD,230,2030-02-15,2025-02-12,,2025-11-26,Full Capacity Deliverability Status Requested,withdrawn,287.0,,other,1,0
2358,55035,Garden Green Solar,Photovoltaic/Solar,Storage/Battery,,50.46,50.46,,100.92,Santa Clara County,CA,PG&E GBA,PGAE,LLAGAS 115 kV,115,2027-03-01,2025-02-12,,2025-11-26,Full Capacity Deliverability Status Requested,withdrawn,287.0,,other,1,0
2256,54565,Calypso Solar 2,Photovoltaic/Solar,,,407.3264,,,407.3264,Riverside,CA,SCE EASTERN,SCE,COLORADO RIVER 500 kV,500,2028-10-01,2025-02-12,,2025-12-01,Energy Only Requested,withdrawn,292.0,,other,1,0
2217,54579,Baca,Storage/Battery,,,490.734,,,490.734,Merced,CA,PG&E FRESNO,PGAE,LOS BANOS 500 kV,500,2028-10-01,2025-02-12,,2025-12-01,Full Capacity Deliverability Status Requested,withdrawn,292.0,,other,1,0
2315,54648,Date Palm,Storage/Battery,,,620.58,,,620.58,San Bernardino,CA,SCE METRO,SCE,LUGO 500 kV,500,2031-12-31,2025-02-12,,2025-12-01,Full Capacity Deliverability Status Requested,withdrawn,292.0,,other,1,0
2303,54501,RIGHTEOUS ENERGY STORAGE,Storage/Battery,,,500.0,,,500.0,San Bernardino,CA,SCE METRO,SCE,LUGO 500 kV,500,2030-05-27,2025-02-12,,2025-12-01,Full Capacity Deliverability Status Requested,withdrawn,292.0,,other,1,0
2233,54576,Whiptail Solar,Photovoltaic/Solar,,,252.2853,,,252.2853,Fresno,CA,PG&E FRESNO,PGAE,MANNING - TRANQUILITY #1,230,2028-10-01,2025-02-12,,2025-12-01,Energy Only Requested,withdrawn,292.0,,other,1,0
2337,54885,Tumey Hills Energy Storage,Storage/Battery,,,215.75,,,215.75,Fresno,CA,PG&E FRESNO,LSPC,MANNING 500 kV,500,2030-06-01,2025-02-12,,2025-12-02,Full Capacity Deliverability Status Requested,withdrawn,293.0,,other,1,0
2310,54616,Icarus Solar,Photovoltaic/Solar,Storage/Battery,,718.2,716.4,,1434.6,Mohave,AZ,SCE EOP,SCE,MOHAVE 500 kV,500,2032-12-31,2025-02-12,,2025-12-02,Energy Only Requested,withdrawn,293.0,,other,1,0
2276,54659,Ace,Storage/Battery,,,303.96,,,303.96,Alameda,CA,PG&E GBA,PGAE,TESLA 230 kV ,230,2030-06-01,2025-02-12,,2025-12-02,Full Capacity Deliverability Status Requested,withdrawn,293.0,,other,1,0
2287,54662,Flamingo,Storage/Battery,,,304.19,,,304.19,Alameda,CA,PG&E GBA,PGAE,TESLA 230 kV ,230,2030-06-01,2025-02-12,,2025-12-02,Full Capacity Deliverability Status Requested,withdrawn,293.0,,other,1,0
2213,54824,Amberjill Energy,Storage/Battery,Photovoltaic/Solar,,50.19,100.49,,150.68,Imperial,CA,SAN DIEGO,SDGE,IMPERIAL VALLEY 230 kV,230,2029-07-31,2025-02-12,,2025-12-03,Energy Only Requested,withdrawn,294.0,,other,1,0
2347,54646,CRESTLEY,Storage/Battery,,,270.0,,,270.0,MERCED,CA,PG&E FRESNO,PGAE,LOS BANOS 500 kV,500,2031-12-31,2025-02-12,,2025-12-03,Full Capacity Deliverability Status Requested,withdrawn,294.0,,other,1,0
2346,54650,Copper Cloud,Storage/Battery,,,200.0,,,200.0,MERCED,CA,PG&E FRESNO,PGAE,LOS BANOS 500 kV,500,2031-12-31,2025-02-12,,2025-12-03,Full Capacity Deliverability Status Requested,withdrawn,294.0,,other,1,0
2345,54647,Silkie,Storage/Battery,,,400.0,,,400.0,MERCED,CA,PG&E FRESNO,PGAE,LOS BANOS 500 kV,500,2031-12-31,2025-02-12,,2025-12-03,Full Capacity Deliverability Status Requested,withdrawn,294.0,,other,1,0
2348,55006,Victorious,Storage/Battery,,,516.0,,,516.0,San Bernardino,CA,SCE METRO,SCE,LUGO 500 kV,500,2028-12-31,2025-02-12,,2025-12-03,Full Capacity Deliverability Status Requested,withdrawn,294.0,,other,1,0
2363,54749,Castoria BESS,Storage/Battery,,,61.8,,,61.8,Santa Clara,CA,PG&E GBA,PGAE,METCALF 230 kV,230,2030-12-31,2025-02-12,,2025-12-03,Full Capacity Deliverability Status Requested,withdrawn,294.0,,other,1,0
2230,55043,HillRich,Storage/Battery,,,308.7,,,308.7,Santa Clara,CA,PG&E GBA,PGAE,MILPITAS 115 kV,115,2028-12-31,2025-02-12,,2025-12-03,Full Capacity Deliverability Status Requested,withdrawn,294.0,,other,1,0
2225,54923,Jupiter Bowl,Storage/Battery,,,64.36,,,64.36,Stanislaus,CA,PG&E GBA,PGAE,SALADO 115 kV,115,2028-06-01,2025-02-12,,2025-12-03,Full Capacity Deliverability Status Requested,withdrawn,294.0,,other,1,0
2369,55030,Blue Oak Storage 2,Storage/Battery,,,609.3,,,609.3,Alameda,CA,PG&E GBA,PGAE,TESLA 230 kV,230,2031-12-31,2025-02-12,,2025-12-03,Full Capacity Deliverability Status Requested,withdrawn,294.0,,other,1,0
2330,54598,Mandorla,Photovoltaic/Solar,Storage/Battery,,103.3,103.0,,206.3,Tehama,CA,PG&E NGBA,PGAE,GLENN 230 kV,230,2030-06-30,2025-02-12,,2025-12-04,Energy Only Requested,withdrawn,295.0,,other,1,0
2307,54592,Redpoint,Photovoltaic/Solar,Storage/Battery,,155.3,154.4,,309.70000000000005,Kings,CA,PG&E FRESNO,PGAE,HENRIETTA 230 kV,230,2028-04-01,2025-02-12,,2025-12-04,Energy Only Requested,withdrawn,295.0,,other,1,0
2255,54595,Mystic Ridge,Photovoltaic/Solar,Storage/Battery,,206.1,206.0,,412.1,San Benito,CA,PG&E FRESNO,PGAE,LOS BANOS 500 kV,500,2028-04-01,2025-02-12,,2025-12-04,Full Capacity Deliverability Status Requested,withdrawn,295.0,,other,1,0
2278,55003,Grand BESS,Storage/Battery,,,205.0,,,205.0,Santa Clara,CA,PG&E GBA,PGAE,PIERCY 115 kV,115,2028-12-31,2025-02-12,,2025-12-04,Full Capacity Deliverability Status Requested,withdrawn,295.0,,other,1,0
2289,54632,Boson,Photovoltaic/Solar,Storage/Battery,,1173.48,1173.48,,2346.96,Kern,CA,SCE NORTHERN,SCE,Midway - Vincent 500kV #1,500,2028-09-30,2025-02-12,,2025-12-09,Full Capacity Deliverability Status Requested,withdrawn,300.0,,other,1,0
2295,40082,Mount Lassen Power Plant,Biomass/Biofuel,,,11.4,,,11.4,Lassen,CA,PG&E NGBA,PGAE,Caribou - Westwood,60,2028-03-31,2025-02-12,,2025-12-10,Energy Only Requested,withdrawn,301.0,,other,1,0
2364,55036,Castle Rock Energy Storage,Storage/Battery,,,157.6,,,157.6,San Bernardino,CA,SCE METRO,SCE,LUGO 500 kV,500,2028-12-31,2025-02-12,,2025-12-12,Full Capacity Deliverability Status Requested,withdrawn,303.0,,other,1,0
2365,55022,Redtail Energy Storage,Storage/Battery,,,22.205,,,22.205,Monterey,CA,PG&E GBA,PGAE,Soledad #2 60kV ,60,2028-10-01,2025-02-12,,2025-12-12,Full Capacity Deliverability Status Requested,withdrawn,303.0,,other,1,0
2367,55023,Blacktail Energy Storage,Storage/Battery,,,10.072,,,10.072,Monterey,CA,PG&E GBA,PGAE,Soledad #1 60kV ,60,2028-10-01,2025-02-12,,2025-12-12,Full Capacity Deliverability Status Requested,withdrawn,303.0,,other,1,0
